{"cameraMode":{"drawMode":0,"name":"Shaded","section":"Shading Mode"},"sceneLighting":false,"audioPlay":false,"sceneViewState":{"m_AlwaysRefresh":false,"showFog":true,"showSkybox":false,"showFlares":true,"showImageEffects":true,"showParticleSystems":true,"showVisualEffectGraphs":true,"m_FxEnabled":true},"in2DMode":false,"pivot":{"x":25.821815490722658,"y":3.390763282775879,"z":3.6240177154541017},"rotation":{"x":-0.027476806193590165,"y":-0.9586916565895081,"z":-0.2653151750564575,"w":0.09928575903177262},"size":2.815664768218994,"orthographic":false}