{"cameraMode":{"drawMode":0,"name":"Shaded","section":"Shading Mode"},"sceneLighting":true,"audioPlay":false,"sceneViewState":{"m_AlwaysRefresh":false,"showFog":true,"showSkybox":true,"showFlares":true,"showImageEffects":true,"showParticleSystems":true,"showVisualEffectGraphs":true,"m_FxEnabled":true},"in2DMode":false,"pivot":{"x":34.67909622192383,"y":49.06455612182617,"z":-12.21863079071045},"rotation":{"x":0.062418486922979358,"y":0.033065423369407657,"z":-0.002943405183032155,"w":0.9977784156799316},"size":6.865452289581299,"orthographic":false}