{"cameraMode":{"drawMode":0,"name":"Shaded","section":"Shading Mode"},"sceneLighting":false,"audioPlay":false,"sceneViewState":{"m_AlwaysRefresh":false,"showFog":true,"showSkybox":false,"showFlares":true,"showImageEffects":true,"showParticleSystems":true,"showVisualEffectGraphs":true,"m_FxEnabled":true},"in2DMode":false,"pivot":{"x":42.974327087402347,"y":33.48124313354492,"z":77.14909362792969},"rotation":{"x":0.0008789735729806125,"y":-0.9970257878303528,"z":0.07853376120328903,"w":0.008083679713308812},"size":2.8866004943847658,"orthographic":false}