{"cameraMode":{"drawMode":0,"name":"Shaded","section":"Shading Mode"},"sceneLighting":false,"audioPlay":false,"sceneViewState":{"m_AlwaysRefresh":false,"showFog":true,"showSkybox":false,"showFlares":true,"showImageEffects":true,"showParticleSystems":true,"showVisualEffectGraphs":true,"m_FxEnabled":true},"in2DMode":false,"pivot":{"x":-5.558370590209961,"y":18.212909698486329,"z":62.694358825683597},"rotation":{"x":-0.0017808460397645832,"y":0.9949612021446228,"z":-0.09913438558578491,"w":-0.01760866865515709},"size":0.000017949609173228964,"orthographic":false}