{"cameraMode":{"drawMode":0,"name":"Shaded","section":"Shading Mode"},"sceneLighting":false,"audioPlay":false,"sceneViewState":{"m_AlwaysRefresh":false,"showFog":true,"showSkybox":false,"showFlares":true,"showImageEffects":true,"showParticleSystems":true,"showVisualEffectGraphs":true,"m_FxEnabled":true},"in2DMode":false,"pivot":{"x":0.9957564473152161,"y":12.855095863342286,"z":89.75982666015625},"rotation":{"x":-0.0017808460397645832,"y":0.9949612021446228,"z":-0.09913438558578491,"w":-0.01760866865515709},"size":8.52570629119873,"orthographic":false}