{"cameraMode":{"drawMode":0,"name":"Shaded","section":"Shading Mode"},"sceneLighting":false,"audioPlay":false,"sceneViewState":{"m_AlwaysRefresh":false,"showFog":true,"showSkybox":false,"showFlares":true,"showImageEffects":true,"showParticleSystems":true,"showVisualEffectGraphs":true,"m_FxEnabled":true},"in2DMode":false,"pivot":{"x":-35.1523323059082,"y":26.887678146362306,"z":-190.14947509765626},"rotation":{"x":0.0007809092057868838,"y":0.9991583824157715,"z":0.03837711364030838,"w":-0.020696891471743585},"size":16.707300186157228,"orthographic":false}