{"cameraMode":{"drawMode":0,"name":"Shaded","section":"Shading Mode"},"sceneLighting":false,"audioPlay":false,"sceneViewState":{"m_AlwaysRefresh":false,"showFog":true,"showSkybox":false,"showFlares":true,"showImageEffects":true,"showParticleSystems":true,"showVisualEffectGraphs":true,"m_FxEnabled":true},"in2DMode":false,"pivot":{"x":5.3668951988220219,"y":9.373948097229004,"z":61.194732666015628},"rotation":{"x":-0.02333441935479641,"y":0.9743250608444214,"z":0.11984661966562271,"w":0.18969599902629853},"size":16.707300186157228,"orthographic":false}