{"cameraMode":{"drawMode":0,"name":"Shaded","section":"Shading Mode"},"sceneLighting":false,"audioPlay":false,"sceneViewState":{"m_AlwaysRefresh":false,"showFog":true,"showSkybox":false,"showFlares":true,"showImageEffects":true,"showParticleSystems":true,"showVisualEffectGraphs":true,"m_FxEnabled":true},"in2DMode":false,"pivot":{"x":-140.97694396972657,"y":-3.399686813354492,"z":161.1446075439453},"rotation":{"x":0.0560663565993309,"y":0.26541340351104739,"z":0.015458698384463787,"w":-0.9623889923095703},"size":0.4188983142375946,"orthographic":false}